1,3,"enp0s10",1666391104.789741,"1.5.5 (417daa7 - Jul 15 2022 20:33:42)","1.7.3 (92ce3808)"
1000,3,"enp0s10",1666391107.543932,"int",6763,6763,0,7934587000,7941350000
1000,3,"enp0s10",1666391107.544073,"int",6596,6596,0,7934981000,7941577000
1000,3,"enp0s10",1666391107.544131,"int",6330,6330,0,7935352000,7941682000
1000,3,"enp0s10",1666391107.544144,"int",6090,6090,0,7935718000,7941808000
1000,3,"enp0s10",1666391107.544167,"int",5792,5792,0,7936107000,7941899000
1000,3,"enp0s10",1666391107.544342,"int",5498,5498,0,7936473000,7941971000
1000,3,"enp0s10",1666391107.544400,"int",5310,5310,0,7936828000,7942138000
1000,3,"enp0s10",1666391107.544582,"int",4923,4923,0,7937352000,7942275000
1000,3,"enp0s10",1666391107.544638,"int",4640,4640,0,7937713000,7942353000
1000,3,"enp0s10",1666391107.544736,"int",4368,4368,0,7938061000,7942429000
1000,3,"enp0s10",1666391107.544786,"int",3961,3961,0,7938538000,7942499000
1000,3,"enp0s10",1666391107.545172,"int",3587,3587,0,7938998000,7942585000
1000,3,"enp0s10",1666391107.545233,"int",3459,3459,0,7939471000,7942930000
1000,3,"enp0s10",1666391107.545337,"int",3104,3104,0,7939971000,7943075000
1000,3,"enp0s10",1666391107.545388,"int",2689,2689,0,7940463000,7943152000
1000,3,"enp0s10",1666391107.545436,"int",2288,2288,0,7940935000,7943223000
1000,3,"enp0s10",1666391107.551044,"int",160,160,0,7948560000,7948720000
1000,3,"enp0s10",1666391107.551264,"int",90,90,0,7948758000,7948848000
1000,3,"enp0s10",1666391107.551876,"int",141,141,0,7949451000,7949592000
1000,3,"enp0s10",1666391107.553021,"int",175,175,0,7950438000,7950613000
1000,3,"enp0s10",1666391107.554046,"int",172,172,0,7951542000,7951714000
1000,3,"enp0s10",1666391107.554636,"int",151,151,0,7952151000,7952302000
1000,3,"enp0s10",1666391107.555331,"int",156,156,0,7952786000,7952942000
1000,3,"enp0s10",1666391107.556032,"int",128,128,0,7953631000,7953759000
1000,3,"enp0s10",1666391107.557076,"int",120,120,0,7954634000,7954754000
1000,3,"enp0s10",1666391107.557997,"int",159,159,0,7955523000,7955682000
1000,3,"enp0s10",1666391107.558543,"int",184,184,0,7956082000,7956266000
1000,3,"enp0s10",1666391107.559562,"int",153,153,0,7957101000,7957254000
1000,3,"enp0s10",1666391107.560134,"int",119,119,0,7957704000,7957823000
1000,3,"enp0s10",1666391107.560819,"int",126,126,0,7958376000,7958502000
1000,3,"enp0s10",1666391107.561947,"int",151,151,0,7959387000,7959538000
1000,3,"enp0s10",1666391107.563308,"int",218,218,0,7960674000,7960892000
1000,3,"enp0s10",1666391107.564424,"int",189,189,0,7961784000,7961973000
1000,3,"enp0s10",1666391107.565276,"int",203,203,0,7962602000,7962805000
1000,3,"enp0s10",1666391107.566365,"int",205,205,0,7963575000,7963780000
1000,3,"enp0s10",1666391107.566801,"int",136,136,0,7964284000,7964420000
1000,3,"enp0s10",1666391107.567635,"int",191,191,0,7965111000,7965302000
1000,3,"enp0s10",1666391107.568930,"int",186,186,0,7966377000,7966563000
1000,3,"enp0s10",1666391107.569812,"int",214,214,0,7967090000,7967304000
1000,3,"enp0s10",1666391107.570050,"int",142,142,0,7967570000,7967712000
1000,3,"enp0s10",1666391107.570929,"int",198,198,0,7968448000,7968646000
1000,3,"enp0s10",1666391107.571497,"int",124,124,0,7969046000,7969170000
1000,3,"enp0s10",1666391107.572550,"int",140,140,0,7970041000,7970181000
1000,3,"enp0s10",1666391107.572832,"int",320,320,0,7970233000,7970553000
1000,3,"enp0s10",1666391107.574119,"int",269,269,0,7971497000,7971766000
1000,3,"enp0s10",1666391107.574255,"int",375,375,0,7971538000,7971913000
1000,3,"enp0s10",1666391107.575327,"int",712,712,0,7972229000,7972941000
1000,3,"enp0s10",1666391107.575446,"int",490,490,0,7972724000,7973214000
1000,3,"enp0s10",1666391107.575795,"int",627,627,0,7972761000,7973388000
1000,3,"enp0s10",1666391107.576024,"int",867,867,0,7972808000,7973675000
1000,3,"enp0s10",1666391107.577504,"int",752,752,0,7974396000,7975148000
1000,3,"enp0s10",1666391107.578380,"int",692,692,0,7975319000,7976011000
1000,3,"enp0s10",1666391107.578761,"int",290,290,0,7976120000,7976410000
1000,3,"enp0s10",1666391107.579322,"int",897,897,0,7976156000,7977053000
1000,3,"enp0s10",1666391107.579391,"int",962,962,0,7976181000,7977143000
1000,3,"enp0s10",1666391107.580824,"int",1072,1072,0,7977466000,7978538000
1000,3,"enp0s10",1666391107.581323,"int",1469,1469,0,7977547000,7979016000
1000,3,"enp0s10",1666391107.581399,"int",1539,1539,0,7977606000,7979145000
1000,3,"enp0s10",1666391107.581810,"int",1859,1859,0,7977636000,7979495000
1000,3,"enp0s10",1666391107.582738,"int",2805,2805,0,7977649000,7980454000
1000,3,"enp0s10",1666391107.582798,"int",2927,2927,0,7977664000,7980591000
1000,3,"enp0s10",1666391107.583064,"int",828,828,0,7979866000,7980694000
1000,3,"enp0s10",1666391107.583275,"int",915,915,0,7980060000,7980975000
1000,3,"enp0s10",1666391107.591574,"int",6992,6992,0,7982259000,7989251000
1000,3,"enp0s10",1666391107.591659,"int",7098,7098,0,7982329000,7989427000
1000,3,"enp0s10",1666391107.592143,"int",7383,7383,0,7982368000,7989751000
1000,3,"enp0s10",1666391107.592816,"int",8059,8059,0,7982403000,7990462000
1000,3,"enp0s10",1666391107.593650,"int",8864,8864,0,7982440000,7991304000
1000,3,"enp0s10",1666391107.593712,"int",8998,8998,0,7982497000,7991495000
1000,3,"enp0s10",1666391107.595439,"int",10404,10404,0,7982560000,7992964000
1000,3,"enp0s10",1666391107.595537,"int",10576,10576,0,7982599000,7993175000
1000,3,"enp0s10",1666391107.595844,"int",10934,10934,0,7982618000,7993552000
1000,3,"enp0s10",1666391107.596168,"int",11140,11140,0,7982644000,7993784000
1000,3,"enp0s10",1666391107.596481,"int",10896,10896,0,7983165000,7994061000
1000,3,"enp0s10",1666391107.596546,"int",10628,10628,0,7983655000,7994283000
1000,3,"enp0s10",1666391107.596708,"int",10240,10240,0,7984166000,7994406000
1000,3,"enp0s10",1666391107.596945,"int",10024,10024,0,7984649000,7994673000
1000,3,"enp0s10",1666391107.598581,"int",11137,11137,0,7985141000,7996278000
1000,3,"enp0s10",1666391107.598660,"int",10600,10600,0,7985781000,7996381000
1000,3,"enp0s10",1666391107.599290,"int",10224,10224,0,7986245000,7996469000
1000,3,"enp0s10",1666391107.599365,"int",10377,10377,0,7986711000,7997088000
1000,3,"enp0s10",1666391107.599431,"int",9993,9993,0,7987177000,7997170000
1000,3,"enp0s10",1666391107.599635,"int",9667,9667,0,7987638000,7997305000
1000,3,"enp0s10",1666391107.599933,"int",9492,9492,0,7988125000,7997617000
1000,3,"enp0s10",1666391107.600040,"int",9153,9153,0,7988585000,7997738000
1000,3,"enp0s10",1666391107.602186,"int",326,326,0,7999551000,7999877000
1000,3,"enp0s10",1666391107.602251,"int",320,320,0,7999672000,7999992000
1000,3,"enp0s10",1666391107.602548,"int",279,279,0,7999955000,8000234000
1000,3,"enp0s10",1666391107.603538,"int",134,134,0,8001067000,8001201000
1000,3,"enp0s10",1666391107.604083,"int",153,153,0,8001642000,8001795000
1000,3,"enp0s10",1666391107.605699,"int",144,144,0,8003247000,8003391000
1000,3,"enp0s10",1666391107.606301,"int",163,163,0,8003715000,8003878000
1000,3,"enp0s10",1666391107.607314,"int",270,270,0,8004769000,8005039000
1000,3,"enp0s10",1666391107.608173,"int",107,107,0,8005752000,8005859000
1000,3,"enp0s10",1666391107.608744,"int",150,150,0,8006257000,8006407000
1000,3,"enp0s10",1666391107.609574,"int",142,142,0,8007121000,8007263000
1000,3,"enp0s10",1666391107.611061,"int",540,540,0,8008225000,8008765000
1000,3,"enp0s10",1666391107.611503,"int",231,231,0,8009035000,8009266000
1000,3,"enp0s10",1666391107.611592,"int",301,301,0,8009057000,8009358000
1000,3,"enp0s10",1666391107.612263,"int",841,841,0,8009097000,8009938000
1000,3,"enp0s10",1666391107.612292,"int",906,906,0,8009121000,8010027000
1000,3,"enp0s10",1666391107.612303,"int",971,971,0,8009136000,8010107000
1000,3,"enp0s10",1666391107.612408,"int",1014,1014,0,8009175000,8010189000
1000,3,"enp0s10",1666391107.612705,"int",1184,1184,0,8009189000,8010373000
1000,3,"enp0s10",1666391107.612770,"int",1352,1352,0,8009198000,8010550000
1000,3,"enp0s10",1666391107.613220,"int",1754,1754,0,8009207000,8010961000
1000,3,"enp0s10",1666391107.613295,"int",1833,1833,0,8009220000,8011053000
1000,3,"enp0s10",1666391107.613502,"int",2013,2013,0,8009228000,8011241000
1000,3,"enp0s10",1666391107.614529,"int",2989,2989,0,8009237000,8012226000
1000,3,"enp0s10",1666391107.614628,"int",3112,3112,0,8009246000,8012358000
1000,3,"enp0s10",1666391107.614698,"int",3179,3179,0,8009255000,8012434000
1000,3,"enp0s10",1666391107.616301,"int",4745,4745,0,8009263000,8014008000
1000,3,"enp0s10",1666391107.618394,"int",6795,6795,0,8009275000,8016070000
1000,3,"enp0s10",1666391107.618671,"int",7105,7105,0,8009284000,8016389000
1000,3,"enp0s10",1666391107.618790,"int",7182,7182,0,8009293000,8016475000
1000,3,"enp0s10",1666391107.618843,"int",7247,7247,0,8009301000,8016548000
1000,3,"enp0s10",1666391107.619082,"int",7315,7315,0,8009311000,8016626000
1000,3,"enp0s10",1666391107.620296,"int",8650,8650,0,8009320000,8017970000
1000,3,"enp0s10",1666391107.621065,"int",9418,9418,0,8009332000,8018750000
1000,3,"enp0s10",1666391107.621220,"int",9540,9540,0,8009341000,8018881000
1000,3,"enp0s10",1666391107.621815,"int",10217,10217,0,8009350000,8019567000
1000,3,"enp0s10",1666391107.622290,"int",10321,10321,0,8009671000,8019992000
1000,3,"enp0s10",1666391107.622483,"int",10439,10439,0,8009684000,8020123000
1000,3,"enp0s10",1666391107.622679,"int",10229,10229,0,8009972000,8020201000
1000,3,"enp0s10",1666391107.623443,"int",11171,11171,0,8009982000,8021153000
1000,3,"enp0s10",1666391107.624114,"int",11788,11788,0,8009991000,8021779000
1000,3,"enp0s10",1666391107.624716,"int",11961,11961,0,8010299000,8022260000
1000,3,"enp0s10",1666391107.625285,"int",12705,12705,0,8010309000,8023014000
1000,3,"enp0s10",1666391107.625357,"int",12807,12807,0,8010319000,8023126000
1000,3,"enp0s10",1666391107.625433,"int",12871,12871,0,8010329000,8023200000
1000,3,"enp0s10",1666391107.625673,"int",13076,13076,0,8010341000,8023417000
1000,3,"enp0s10",1666391107.626545,"int",13873,13873,0,8010349000,8024222000
1000,3,"enp0s10",1666391107.626843,"int",13970,13970,0,8010631000,8024601000
1000,3,"enp0s10",1666391107.627093,"int",14145,14145,0,8010641000,8024786000
1000,3,"enp0s10",1666391107.628352,"int",15195,15195,0,8010649000,8025844000
1000,3,"enp0s10",1666391107.628432,"int",15493,15493,0,8010657000,8026150000
1000,3,"enp0s10",1666391107.628707,"int",15482,15482,0,8010939000,8026421000
1000,3,"enp0s10",1666391107.628798,"int",15621,15621,0,8010951000,8026572000
1000,3,"enp0s10",1666391107.630146,"int",16868,16868,0,8010960000,8027828000
1000,3,"enp0s10",1666391107.630388,"int",17153,17153,0,8010969000,8028122000
1000,3,"enp0s10",1666391107.630496,"int",16979,16979,0,8011250000,8028229000
1000,3,"enp0s10",1666391107.631626,"int",18008,18008,0,8011260000,8029268000
1000,3,"enp0s10",1666391107.632297,"int",18142,18142,0,8011273000,8029415000
1000,3,"enp0s10",1666391107.632368,"int",17951,17951,0,8011540000,8029491000
1000,3,"enp0s10",1666391107.632394,"int",18130,18130,0,8011551000,8029681000
1000,3,"enp0s10",1666391107.632406,"int",17958,17958,0,8011808000,8029766000
1000,3,"enp0s10",1666391107.632420,"int",17824,17824,0,8012084000,8029908000
1000,3,"enp0s10",1666391107.632433,"int",17648,17648,0,8012345000,8029993000
1000,3,"enp0s10",1666391107.632446,"int",17457,17457,0,8012652000,8030109000
1000,3,"enp0s10",1666391107.632459,"int",17521,17521,0,8012663000,8030184000
1000,3,"enp0s10",1666391107.633658,"int",18739,18739,0,8012673000,8031412000
1000,3,"enp0s10",1666391107.633731,"int",18822,18822,0,8012682000,8031504000
1000,3,"enp0s10",1666391107.634121,"int",18917,18917,0,8012936000,8031853000
1000,3,"enp0s10",1666391107.635619,"int",20097,20097,0,8013191000,8033288000
1000,3,"enp0s10",1666391107.635693,"int",18015,18015,0,8015436000,8033451000
1000,3,"enp0s10",1666391107.636020,"int",18283,18283,0,8015450000,8033733000
1000,3,"enp0s10",1666391107.637594,"int",18660,18660,0,8016637000,8035297000
1000,3,"enp0s10",1666391107.638888,"int",19840,19840,0,8016656000,8036496000
1000,3,"enp0s10",1666391107.639206,"int",19441,19441,0,8017516000,8036957000
1000,3,"enp0s10",1666391107.640250,"int",20475,20475,0,8017533000,8038008000
1000,3,"enp0s10",1666391107.641447,"int",20484,20484,0,8018695000,8039179000
1000,3,"enp0s10",1666391107.642307,"int",20537,20537,0,8019382000,8039919000
1000,3,"enp0s10",1666391107.643175,"int",21495,21495,0,8019405000,8040900000
1000,3,"enp0s10",1666391107.643990,"int",21872,21872,0,8019786000,8041658000
1000,3,"enp0s10",1666391107.644970,"int",21825,21825,0,8020843000,8042668000
1000,3,"enp0s10",1666391107.646139,"int",22918,22918,0,8020887000,8043805000
1000,3,"enp0s10",1666391107.646949,"int",22919,22919,0,8021691000,8044610000
1000,3,"enp0s10",1666391107.647814,"int",23048,23048,0,8022356000,8045404000
1000,3,"enp0s10",1666391107.647939,"int",22891,22891,0,8022788000,8045679000
1000,3,"enp0s10",1666391107.648234,"int",22246,22246,0,8023718000,8045964000
1000,3,"enp0s10",1666391107.648640,"int",22617,22617,0,8023756000,8046373000
1000,3,"enp0s10",1666391107.648988,"int",22330,22330,0,8024412000,8046742000
1000,3,"enp0s10",1666391107.649541,"int",22118,22118,0,8025099000,8047217000
1000,3,"enp0s10",1666391107.649945,"int",22583,22583,0,8025118000,8047701000
1000,3,"enp0s10",1666391107.650699,"int",22174,22174,0,8026229000,8048403000
1000,3,"enp0s10",1666391107.651032,"int",21790,21790,0,8026996000,8048786000
1000,3,"enp0s10",1666391107.651516,"int",22251,22251,0,8027022000,8049273000
1000,3,"enp0s10",1666391107.652179,"int",22279,22279,0,8027663000,8049942000
1000,3,"enp0s10",1666391107.652469,"int",21971,21971,0,8028260000,8050231000
1000,3,"enp0s10",1666391107.652625,"int",21464,21464,0,8028921000,8050385000
1000,3,"enp0s10",1666391107.653307,"int",21677,21677,0,8029321000,8050998000
1000,3,"enp0s10",1666391107.653842,"int",20442,20442,0,8031091000,8051533000
1000,3,"enp0s10",1666391107.654574,"int",21067,21067,0,8031279000,8052346000
1000,3,"enp0s10",1666391107.654874,"int",21338,21338,0,8031295000,8052633000
1000,3,"enp0s10",1666391107.656105,"int",22489,22489,0,8031310000,8053799000
1000,3,"enp0s10",1666391107.656223,"int",22651,22651,0,8031328000,8053979000
1000,3,"enp0s10",1666391107.656440,"int",22142,22142,0,8032055000,8054197000
1000,3,"enp0s10",1666391107.656876,"int",22488,22488,0,8032070000,8054558000
1000,3,"enp0s10",1666391107.657002,"int",21406,21406,0,8033350000,8054756000
1000,3,"enp0s10",1666391107.657268,"int",20832,20832,0,8034009000,8054841000
1000,3,"enp0s10",1666391107.657480,"int",21171,21171,0,8034025000,8055196000
1000,3,"enp0s10",1666391107.658145,"int",20515,20515,0,8035287000,8055802000
1000,3,"enp0s10",1666391107.658721,"int",20621,20621,0,8035875000,8056496000
1000,3,"enp0s10",1666391107.659278,"int",21133,21133,0,8035894000,8057027000
1000,3,"enp0s10",1666391107.659476,"int",19589,19589,0,8037596000,8057185000
1000,3,"enp0s10",1666391107.659965,"int",19963,19963,0,8037715000,8057678000
1000,3,"enp0s10",1666391107.660154,"int",20130,20130,0,8037731000,8057861000
1000,3,"enp0s10",1666391107.660442,"int",19696,19696,0,8038455000,8058151000
1000,3,"enp0s10",1666391107.660778,"int",19544,19544,0,8038972000,8058516000
1000,3,"enp0s10",1666391107.661426,"int",19794,19794,0,8039387000,8059181000
200,3,"enp0s10",1666391109.909206,394,0,394,0,32676,0
200,3,"enp0s10",1666391114.909227,394,0,394,0,32676,0
1000,3,"enp0s10",1666391117.176480,"int",234,234,0,17573874000,17574108000
1000,3,"enp0s10",1666391117.176703,"int",469,469,0,17573897000,17574366000
1000,3,"enp0s10",1666391117.176891,"int",526,526,0,17574083000,17574609000
1000,3,"enp0s10",1666391117.177082,"int",644,644,0,17574156000,17574800000
1000,3,"enp0s10",1666391117.177859,"int",1070,1070,0,17574270000,17575340000
1000,3,"enp0s10",1666391117.178282,"int",1508,1508,0,17574424000,17575932000
1000,3,"enp0s10",1666391117.178986,"int",1926,1926,0,17574595000,17576521000
1000,3,"enp0s10",1666391117.179923,"int",2725,2725,0,17574607000,17577332000
1000,3,"enp0s10",1666391117.180672,"int",3388,3388,0,17574694000,17578082000
1000,3,"enp0s10",1666391117.181341,"int",4139,4139,0,17574811000,17578950000
1000,3,"enp0s10",1666391117.182082,"int",4441,4441,0,17574981000,17579422000
1000,3,"enp0s10",1666391117.182689,"int",5217,5217,0,17575098000,17580315000
1000,3,"enp0s10",1666391117.183030,"int",5486,5486,0,17575164000,17580650000
1000,3,"enp0s10",1666391117.183342,"int",5640,5640,0,17575286000,17580926000
1000,3,"enp0s10",1666391117.184015,"int",6187,6187,0,17575422000,17581609000
1000,3,"enp0s10",1666391117.184590,"int",6140,6140,0,17575794000,17581934000
1000,3,"enp0s10",1666391117.185541,"int",6668,6668,0,17575833000,17582501000
1000,3,"enp0s10",1666391117.186375,"int",7603,7603,0,17575843000,17583446000
1000,3,"enp0s10",1666391117.187286,"int",8231,8231,0,17575991000,17584222000
1000,3,"enp0s10",1666391117.187833,"int",9161,9161,0,17576086000,17585247000
1000,3,"enp0s10",1666391117.188862,"int",10002,10002,0,17576222000,17586224000
1000,3,"enp0s10",1666391117.189394,"int",10409,10409,0,17576343000,17586752000
1000,3,"enp0s10",1666391117.189932,"int",10869,10869,0,17576467000,17587336000
1000,3,"enp0s10",1666391117.190546,"int",11273,11273,0,17576582000,17587855000
1000,3,"enp0s10",1666391117.191046,"int",11736,11736,0,17576699000,17588435000
1000,3,"enp0s10",1666391117.191801,"int",12134,12134,0,17576932000,17589066000
1000,3,"enp0s10",1666391117.192411,"int",13034,13034,0,17576944000,17589978000
1000,3,"enp0s10",1666391117.193155,"int",13269,13269,0,17577084000,17590353000
1000,3,"enp0s10",1666391117.193723,"int",13809,13809,0,17577208000,17591017000
1000,3,"enp0s10",1666391117.194481,"int",14792,14792,0,17577274000,17592066000
1000,3,"enp0s10",1666391117.195118,"int",15201,15201,0,17577439000,17592640000
1000,3,"enp0s10",1666391117.195840,"int",15499,15499,0,17577872000,17593371000
1000,3,"enp0s10",1666391117.196585,"int",16379,16379,0,17577883000,17594262000
1000,3,"enp0s10",1666391117.197424,"int",16614,16614,0,17577893000,17594507000
1000,3,"enp0s10",1666391117.198206,"int",17743,17743,0,17577903000,17595646000
1000,3,"enp0s10",1666391117.199443,"int",18090,18090,0,17578128000,17596218000
1000,3,"enp0s10",1666391117.199827,"int",19240,19240,0,17578160000,17597400000
1000,3,"enp0s10",1666391117.201152,"int",19423,19423,0,17578396000,17597819000
1000,3,"enp0s10",1666391117.202150,"int",21272,21272,0,17578407000,17599679000
1000,3,"enp0s10",1666391117.202419,"int",21617,21617,0,17578486000,17600103000
1000,3,"enp0s10",1666391117.203001,"int",21958,21958,0,17578617000,17600575000
1000,3,"enp0s10",1666391117.203261,"int",22059,22059,0,17578840000,17600899000
1000,3,"enp0s10",1666391117.204218,"int",22770,22770,0,17578938000,17601708000
1000,3,"enp0s10",1666391117.204599,"int",22828,22828,0,17579235000,17602063000
1000,3,"enp0s10",1666391117.205167,"int",23369,23369,0,17579246000,17602615000
1000,3,"enp0s10",1666391117.205297,"int",23557,23557,0,17579423000,17602980000
1000,3,"enp0s10",1666391117.206079,"int",24166,24166,0,17579434000,17603600000
1000,3,"enp0s10",1666391117.206338,"int",24299,24299,0,17579643000,17603942000
1000,3,"enp0s10",1666391117.206591,"int",24208,24208,0,17580026000,17604234000
1000,3,"enp0s10",1666391117.207862,"int",25193,25193,0,17580037000,17605230000
1000,3,"enp0s10",1666391117.211791,"int",25589,25589,0,17580047000,17605636000
1000,3,"enp0s10",1666391117.211848,"int",25777,25777,0,17580148000,17605925000
1000,3,"enp0s10",1666391117.211854,"int",25836,25836,0,17580265000,17606101000
1000,3,"enp0s10",1666391117.211860,"int",25914,25914,0,17580354000,17606268000
1000,3,"enp0s10",1666391117.211866,"int",25921,25921,0,17580511000,17606432000
1000,3,"enp0s10",1666391117.211872,"int",25977,25977,0,17580623000,17606600000
1000,3,"enp0s10",1666391117.211883,"int",25830,25830,0,17580925000,17606755000
1000,3,"enp0s10",1666391117.211889,"int",25971,25971,0,17580937000,17606908000
1000,3,"enp0s10",1666391117.211894,"int",26049,26049,0,17581018000,17607067000
1000,3,"enp0s10",1666391117.211900,"int",26123,26123,0,17581105000,17607228000
1000,3,"enp0s10",1666391117.211904,"int",26143,26143,0,17581249000,17607392000
1000,3,"enp0s10",1666391117.211909,"int",26239,26239,0,17581313000,17607552000
1000,3,"enp0s10",1666391117.211914,"int",26273,26273,0,17581438000,17607711000
1000,3,"enp0s10",1666391117.211920,"int",26326,26326,0,17581591000,17607917000
1000,3,"enp0s10",1666391117.211925,"int",26383,26383,0,17581713000,17608096000
1000,3,"enp0s10",1666391117.211930,"int",26416,26416,0,17581845000,17608261000
1000,3,"enp0s10",1666391117.211936,"int",26346,26346,0,17582078000,17608424000
1000,3,"enp0s10",1666391117.211941,"int",26497,26497,0,17582087000,17608584000
1000,3,"enp0s10",1666391117.211946,"int",26512,26512,0,17582229000,17608741000
1000,3,"enp0s10",1666391117.211952,"int",26587,26587,0,17582315000,17608902000
1000,3,"enp0s10",1666391117.211957,"int",26997,26997,0,17582479000,17609476000
1000,3,"enp0s10",1666391117.213250,"int",27172,27172,0,17582593000,17609765000
1000,3,"enp0s10",1666391117.214874,"int",29531,29531,0,17582763000,17612294000
1000,3,"enp0s10",1666391117.216202,"int",29908,29908,0,17582828000,17612736000
1000,3,"enp0s10",1666391117.216282,"int",30629,30629,0,17582996000,17613625000
1000,3,"enp0s10",1666391117.216306,"int",30816,30816,0,17583108000,17613924000
1000,3,"enp0s10",1666391117.217157,"int",31239,31239,0,17583262000,17614501000
1000,3,"enp0s10",1666391117.217955,"int",31609,31609,0,17583471000,17615080000
1000,3,"enp0s10",1666391117.218816,"int",32801,32801,0,17583494000,17616295000
1000,3,"enp0s10",1666391117.219737,"int",33613,33613,0,17583674000,17617287000
1000,3,"enp0s10",1666391117.220453,"int",34074,34074,0,17583812000,17617886000
1000,3,"enp0s10",1666391117.220984,"int",34443,34443,0,17583953000,17618396000
1000,3,"enp0s10",1666391117.221657,"int",34830,34830,0,17584099000,17618929000
1000,3,"enp0s10",1666391117.222300,"int",34588,34588,0,17585128000,17619716000
1000,3,"enp0s10",1666391117.223382,"int",34608,34608,0,17586217000,17620825000
1000,3,"enp0s10",1666391117.224431,"int",35232,35232,0,17586755000,17621987000
1000,3,"enp0s10",1666391117.225336,"int",35050,35050,0,17587311000,17622361000
1000,3,"enp0s10",1666391117.225902,"int",35627,35627,0,17587878000,17623505000
1000,3,"enp0s10",1666391117.226415,"int",35555,35555,0,17588435000,17623990000
1000,3,"enp0s10",1666391117.226993,"int",35590,35590,0,17589011000,17624601000
1000,3,"enp0s10",1666391117.227897,"int",35298,35298,0,17589985000,17625283000
1000,3,"enp0s10",1666391117.228371,"int",35563,35563,0,17590242000,17625805000
1000,3,"enp0s10",1666391117.229496,"int",35473,35473,0,17591015000,17626488000
1000,3,"enp0s10",1666391117.230230,"int",35364,35364,0,17592267000,17627631000
1000,3,"enp0s10",1666391117.230747,"int",35775,35775,0,17592687000,17628462000
1000,3,"enp0s10",1666391117.232259,"int",35815,35815,0,17593397000,17629212000
1000,3,"enp0s10",1666391117.232288,"int",35325,35325,0,17594299000,17629624000
1000,3,"enp0s10",1666391117.232294,"int",35418,35418,0,17594426000,17629844000
1000,3,"enp0s10",1666391117.233063,"int",35291,35291,0,17595364000,17630655000
1000,3,"enp0s10",1666391117.234076,"int",34771,34771,0,17596704000,17631475000
1000,3,"enp0s10",1666391117.234533,"int",34833,34833,0,17597338000,17632171000
1000,3,"enp0s10",1666391117.235212,"int",34887,34887,0,17597788000,17632675000
1000,3,"enp0s10",1666391117.236053,"int",34298,34298,0,17599272000,17633570000
1000,3,"enp0s10",1666391117.236696,"int",34246,34246,0,17600054000,17634300000
1000,3,"enp0s10",1666391117.237400,"int",34322,34322,0,17600594000,17634916000
1000,3,"enp0s10",1666391117.238103,"int",34373,34373,0,17600907000,17635280000
1000,3,"enp0s10",1666391117.238724,"int",35349,35349,0,17600975000,17636324000
1000,3,"enp0s10",1666391117.239343,"int",35775,35775,0,17601103000,17636878000
1000,3,"enp0s10",1666391117.239849,"int",35499,35499,0,17601973000,17637472000
1000,3,"enp0s10",1666391117.240467,"int",35360,35360,0,17602750000,17638110000
1000,3,"enp0s10",1666391117.240906,"int",34996,34996,0,17603622000,17638618000
1000,3,"enp0s10",1666391117.241589,"int",35240,35240,0,17603971000,17639211000
1000,3,"enp0s10",1666391117.242755,"int",35809,35809,0,17604248000,17640057000
1000,3,"enp0s10",1666391117.243436,"int",35814,35814,0,17605128000,17640942000
1000,3,"enp0s10",1666391117.243803,"int",36133,36133,0,17605205000,17641338000
1000,3,"enp0s10",1666391117.244831,"int",36918,36918,0,17605232000,17642150000
1000,3,"enp0s10",1666391117.245348,"int",37757,37757,0,17605241000,17642998000
1000,3,"enp0s10",1666391117.246040,"int",38194,38194,0,17605336000,17643530000
1000,3,"enp0s10",1666391117.246520,"int",38837,38837,0,17605350000,17644187000
1000,3,"enp0s10",1666391117.248013,"int",39458,39458,0,17605358000,17644816000
1000,3,"enp0s10",1666391117.248099,"int",40256,40256,0,17605390000,17645646000
1000,3,"enp0s10",1666391117.248660,"int",40465,40465,0,17605798000,17646263000
1000,3,"enp0s10",1666391117.249222,"int",40805,40805,0,17605807000,17646612000
1000,3,"enp0s10",1666391117.249548,"int",41304,41304,0,17605814000,17647118000
1000,3,"enp0s10",1666391117.249723,"int",41602,41602,0,17605820000,17647422000
1000,3,"enp0s10",1666391117.250071,"int",41788,41788,0,17605857000,17647645000
1000,3,"enp0s10",1666391117.250269,"int",42094,42094,0,17605875000,17647969000
1000,3,"enp0s10",1666391117.251707,"int",42613,42613,0,17606601000,17649214000
1000,3,"enp0s10",1666391117.252281,"int",42808,42808,0,17607079000,17649887000
1000,3,"enp0s10",1666391117.253048,"int",43078,43078,0,17607355000,17650433000
1000,3,"enp0s10",1666391117.253591,"int",43325,43325,0,17607626000,17650951000
1000,3,"enp0s10",1666391117.254108,"int",43816,43816,0,17607898000,17651714000
1000,3,"enp0s10",1666391117.254894,"int",44233,44233,0,17608161000,17652394000
1000,3,"enp0s10",1666391117.255738,"int",44681,44681,0,17608419000,17653100000
1000,3,"enp0s10",1666391117.256202,"int",44838,44838,0,17608680000,17653518000
1000,3,"enp0s10",1666391117.256767,"int",45217,45217,0,17608941000,17654158000
1000,3,"enp0s10",1666391117.257276,"int",43833,43833,0,17610861000,17654694000
1000,3,"enp0s10",1666391117.257513,"int",44284,44284,0,17610890000,17655174000
1000,3,"enp0s10",1666391117.258319,"int",44482,44482,0,17610933000,17655415000
1000,3,"enp0s10",1666391117.259405,"int",45632,45632,0,17610940000,17656572000
1000,3,"enp0s10",1666391117.259940,"int",46189,46189,0,17611161000,17657350000
1000,3,"enp0s10",1666391117.260635,"int",42787,42787,0,17615400000,17658187000
1000,3,"enp0s10",1666391117.261656,"int",43272,43272,0,17615631000,17658903000
1000,3,"enp0s10",1666391117.262616,"int",43628,43628,0,17616568000,17660196000
1000,3,"enp0s10",1666391117.262975,"int",43112,43112,0,17617395000,17660507000
1000,3,"enp0s10",1666391117.263743,"int",43910,43910,0,17617423000,17661333000
1000,3,"enp0s10",1666391117.264554,"int",44725,44725,0,17617437000,17662162000
1000,3,"enp0s10",1666391117.265414,"int",44993,44993,0,17617467000,17662460000
1000,3,"enp0s10",1666391117.266004,"int",45281,45281,0,17618005000,17663286000
1000,3,"enp0s10",1666391117.266559,"int",45871,45871,0,17618062000,17663933000
1000,3,"enp0s10",1666391117.267081,"int",46612,46612,0,17618069000,17664681000
1000,3,"enp0s10",1666391117.267976,"int",47339,47339,0,17618099000,17665438000
1000,3,"enp0s10",1666391117.268385,"int",46118,46118,0,17619627000,17665745000
1000,3,"enp0s10",1666391117.269049,"int",46970,46970,0,17619715000,17666685000
1000,3,"enp0s10",1666391117.269489,"int",46902,46902,0,17620254000,17667156000
1000,3,"enp0s10",1666391117.269781,"int",46584,46584,0,17620862000,17667446000
1000,3,"enp0s10",1666391117.270847,"int",46799,46799,0,17620888000,17667687000
1000,3,"enp0s10",1666391117.271412,"int",46254,46254,0,17622485000,17668739000
1000,3,"enp0s10",1666391117.272222,"int",45860,45860,0,17623731000,17669591000
1000,3,"enp0s10",1666391117.272822,"int",46214,46214,0,17623880000,17670094000
1000,3,"enp0s10",1666391117.273223,"int",46822,46822,0,17623887000,17670709000
1000,3,"enp0s10",1666391117.273851,"int",47647,47647,0,17623895000,17671542000
1000,3,"enp0s10",1666391117.274909,"int",47809,47809,0,17624556000,17672365000
1000,3,"enp0s10",1666391117.275501,"int",48479,48479,0,17624564000,17673043000
1000,3,"enp0s10",1666391117.275918,"int",48927,48927,0,17624581000,17673508000
1000,3,"enp0s10",1666391117.276796,"int",48508,48508,0,17625301000,17673809000
1000,3,"enp0s10",1666391117.277522,"int",49819,49819,0,17625314000,17675133000
1000,3,"enp0s10",1666391117.278358,"int",49806,49806,0,17625890000,17675696000
1000,3,"enp0s10",1666391117.278944,"int",49251,49251,0,17626969000,17676220000
1000,3,"enp0s10",1666391117.279830,"int",49857,49857,0,17626988000,17676845000
1000,3,"enp0s10",1666391117.280161,"int",49972,49972,0,17627579000,17677551000
1000,3,"enp0s10",1666391117.280909,"int",50446,50446,0,17627603000,17678049000
1000,3,"enp0s10",1666391117.281771,"int",50565,50565,0,17628239000,17678804000
1000,3,"enp0s10",1666391117.282503,"int",51786,51786,0,17628306000,17680092000
1000,3,"enp0s10",1666391117.283528,"int",51543,51543,0,17628966000,17680509000
1000,3,"enp0s10",1666391117.283869,"int",52450,52450,0,17629035000,17681485000
1000,3,"enp0s10",1666391117.284761,"int",51896,51896,0,17630393000,17682289000
1000,3,"enp0s10",1666391117.285386,"int",50064,50064,0,17632615000,17682679000
1000,3,"enp0s10",1666391117.286290,"int",51156,51156,0,17632632000,17683788000
1000,3,"enp0s10",1666391117.287364,"int",50154,50154,0,17634392000,17684546000
1000,3,"enp0s10",1666391117.287893,"int",49562,49562,0,17635727000,17685289000
1000,3,"enp0s10",1666391117.288130,"int",48878,48878,0,17636901000,17685779000
1000,3,"enp0s10",1666391117.289772,"int",49729,49729,0,17636940000,17686669000
1000,3,"enp0s10",1666391117.290484,"int",49512,49512,0,17638174000,17687686000
1000,3,"enp0s10",1666391117.291075,"int",50041,50041,0,17638626000,17688667000
1000,3,"enp0s10",1666391117.292451,"int",50602,50602,0,17639064000,17689666000
1000,3,"enp0s10",1666391117.293290,"int",51505,51505,0,17639071000,17690576000
1000,3,"enp0s10",1666391117.293763,"int",51047,51047,0,17640133000,17691180000
1000,3,"enp0s10",1666391117.294773,"int",51315,51315,0,17640675000,17691990000
1000,3,"enp0s10",1666391117.295905,"int",51694,51694,0,17641358000,17693052000
1000,3,"enp0s10",1666391117.295938,"int",51186,51186,0,17642259000,17693445000
200,3,"enp0s10",1666391119.909281,763,0,763,0,63489,0
1000,3,"enp0s10",1666391121.846397,"int",442,442,0,22243382000,22243824000
1000,3,"enp0s10",1666391121.847572,"int",805,805,0,22243467000,22244272000
1000,3,"enp0s10",1666391121.847707,"int",1381,1381,0,22243485000,22244866000
1000,3,"enp0s10",1666391121.847836,"int",1123,1123,0,22243930000,22245053000
1000,3,"enp0s10",1666391121.848858,"int",1411,1411,0,22244075000,22245486000
1000,3,"enp0s10",1666391121.849002,"int",2338,2338,0,22244097000,22246435000
1000,3,"enp0s10",1666391121.852107,"int",3156,3156,0,22244115000,22247271000
1000,3,"enp0s10",1666391121.852361,"int",3736,3736,0,22244200000,22247936000
1000,3,"enp0s10",1666391121.852477,"int",3954,3954,0,22244221000,22248175000
1000,3,"enp0s10",1666391121.852507,"int",2432,2432,0,22245911000,22248343000
1000,3,"enp0s10",1666391121.852571,"int",2561,2561,0,22245937000,22248498000
1000,3,"enp0s10",1666391121.852625,"int",2885,2885,0,22245952000,22248837000
1000,3,"enp0s10",1666391121.852635,"int",3090,3090,0,22245966000,22249056000
1000,3,"enp0s10",1666391121.852643,"int",3231,3231,0,22245982000,22249213000
1000,3,"enp0s10",1666391121.852652,"int",3346,3346,0,22246072000,22249418000
1000,3,"enp0s10",1666391121.852661,"int",3510,3510,0,22246097000,22249607000
1000,3,"enp0s10",1666391121.852671,"int",3620,3620,0,22246183000,22249803000
1000,3,"enp0s10",1666391121.854517,"int",3779,3779,0,22246202000,22249981000
1000,3,"enp0s10",1666391121.854640,"int",6037,6037,0,22246219000,22252256000
1000,3,"enp0s10",1666391121.855697,"int",6736,6736,0,22246236000,22252972000
1000,3,"enp0s10",1666391121.856814,"int",7157,7157,0,22246352000,22253509000
1000,3,"enp0s10",1666391121.859038,"int",8206,8206,0,22246459000,22254665000
1000,3,"enp0s10",1666391121.859266,"int",8783,8783,0,22246482000,22255265000
1000,3,"enp0s10",1666391121.859499,"int",8934,8934,0,22246551000,22255485000
1000,3,"enp0s10",1666391121.859654,"int",9356,9356,0,22246568000,22255924000
1000,3,"enp0s10",1666391121.859665,"int",9887,9887,0,22246584000,22256471000
1000,3,"enp0s10",1666391121.859820,"int",10177,10177,0,22246601000,22256778000
1000,3,"enp0s10",1666391121.859870,"int",10454,10454,0,22246668000,22257122000
1000,3,"enp0s10",1666391121.860803,"int",10757,10757,0,22246687000,22257444000
1000,3,"enp0s10",1666391121.860876,"int",7383,7383,0,22250614000,22257997000
1000,3,"enp0s10",1666391121.860990,"int",7580,7580,0,22250649000,22258229000
1000,3,"enp0s10",1666391121.861042,"int",7724,7724,0,22250724000,22258448000
1000,3,"enp0s10",1666391121.861204,"int",7955,7955,0,22250754000,22258709000
1000,3,"enp0s10",1666391121.861789,"int",8299,8299,0,22250780000,22259079000
1000,3,"enp0s10",1666391121.861852,"int",8673,8673,0,22250855000,22259528000
1000,3,"enp0s10",1666391121.862580,"int",8969,8969,0,22250874000,22259843000
1000,3,"enp0s10",1666391121.862775,"int",9493,9493,0,22250889000,22260382000
1000,3,"enp0s10",1666391121.865038,"int",9691,9691,0,22250903000,22260594000
1000,3,"enp0s10",1666391121.865176,"int",10136,10136,0,22250920000,22261056000
1000,3,"enp0s10",1666391121.865297,"int",10375,10375,0,22250989000,22261364000
1000,3,"enp0s10",1666391121.865409,"int",10866,10866,0,22251007000,22261873000
1000,3,"enp0s10",1666391121.865506,"int",11256,11256,0,22251023000,22262279000
1000,3,"enp0s10",1666391121.865567,"int",11479,11479,0,22251039000,22262518000
1000,3,"enp0s10",1666391121.865774,"int",11696,11696,0,22251104000,22262800000
1000,3,"enp0s10",1666391121.865838,"int",12056,12056,0,22251124000,22263180000
1000,3,"enp0s10",1666391121.871314,"int",12510,12510,0,22251141000,22263651000
1000,3,"enp0s10",1666391121.878609,"int",13084,13084,0,22251157000,22264241000
1000,3,"enp0s10",1666391121.878708,"int",13427,13427,0,22251173000,22264600000
1000,3,"enp0s10",1666391121.878721,"int",13619,13619,0,22251240000,22264859000
1000,3,"enp0s10",1666391121.878730,"int",14156,14156,0,22251261000,22265417000
1000,3,"enp0s10",1666391121.878739,"int",14520,14520,0,22251277000,22265797000
1000,3,"enp0s10",1666391121.878748,"int",14904,14904,0,22251294000,22266198000
1000,3,"enp0s10",1666391121.878798,"int",15162,15162,0,22251361000,22266523000
1000,3,"enp0s10",1666391121.878830,"int",15441,15441,0,22251380000,22266821000
1000,3,"enp0s10",1666391121.878839,"int",15729,15729,0,22251396000,22267125000
1000,3,"enp0s10",1666391121.878848,"int",16016,16016,0,22251413000,22267429000
1000,3,"enp0s10",1666391121.878857,"int",16266,16266,0,22251430000,22267696000
1000,3,"enp0s10",1666391121.878906,"int",16576,16576,0,22251447000,22268023000
1000,3,"enp0s10",1666391121.878954,"int",16865,16865,0,22251465000,22268330000
1000,3,"enp0s10",1666391121.879018,"int",22800,22800,0,22251581000,22274381000
1000,3,"enp0s10",1666391121.879087,"int",23456,23456,0,22251610000,22275066000
1000,3,"enp0s10",1666391121.879109,"int",23688,23688,0,22251677000,22275365000
1000,3,"enp0s10",1666391121.879172,"int",23951,23951,0,22251712000,22275663000
1000,3,"enp0s10",1666391121.879182,"int",24378,24378,0,22251786000,22276164000
1000,3,"enp0s10",1666391121.879246,"int",24575,24575,0,22251807000,22276382000
1000,3,"enp0s10",1666391121.879306,"int",24859,24859,0,22251825000,22276684000
1000,3,"enp0s10",1666391121.879478,"int",25123,25123,0,22251854000,22276977000
1000,3,"enp0s10",1666391121.879912,"int",25595,25595,0,22251923000,22277518000
1000,3,"enp0s10",1666391121.880234,"int",25878,25878,0,22251945000,22277823000
1000,3,"enp0s10",1666391121.880593,"int",26148,26148,0,22251973000,22278121000
1000,3,"enp0s10",1666391121.881054,"int",26487,26487,0,22252074000,22278561000
1000,3,"enp0s10",1666391121.881609,"int",26505,26505,0,22252722000,22279227000
1000,3,"enp0s10",1666391121.881973,"int",26845,26845,0,22252803000,22279648000
1000,3,"enp0s10",1666391121.882404,"int",27149,27149,0,22252822000,22279971000
1000,3,"enp0s10",1666391121.887463,"int",27486,27486,0,22252947000,22280433000
1000,3,"enp0s10",1666391121.887543,"int",27863,27863,0,22252977000,22280840000
1000,3,"enp0s10",1666391121.887567,"int",28073,28073,0,22253155000,22281228000
1000,3,"enp0s10",1666391121.887685,"int",28434,28434,0,22253175000,22281609000
1000,3,"enp0s10",1666391121.887925,"int",28794,28794,0,22253193000,22281987000
1000,3,"enp0s10",1666391121.887933,"int",29157,29157,0,22253210000,22282367000
1000,3,"enp0s10",1666391121.887937,"int",29590,29590,0,22253774000,22283364000
1000,3,"enp0s10",1666391121.887943,"int",30275,30275,0,22253791000,22284066000
1000,3,"enp0s10",1666391121.887957,"int",30476,30476,0,22253808000,22284284000
1000,3,"enp0s10",1666391121.888074,"int",30758,30758,0,22253824000,22284582000
1000,3,"enp0s10",1666391121.888283,"int",31084,31084,0,22253839000,22284923000
1000,3,"enp0s10",1666391121.888340,"int",31151,31151,0,22254350000,22285501000
1000,3,"enp0s10",1666391121.888389,"int",31501,31501,0,22254372000,22285873000
1000,3,"enp0s10",1666391121.888779,"int",31735,31735,0,22254502000,22286237000
1000,3,"enp0s10",1666391121.889111,"int",32130,32130,0,22254531000,22286661000
1000,3,"enp0s10",1666391121.889389,"int",32403,32403,0,22254547000,22286950000
1000,3,"enp0s10",1666391121.889734,"int",32394,32394,0,22254864000,22287258000
1000,3,"enp0s10",1666391121.907799,"int",50477,50477,0,22254891000,22305368000
1000,3,"enp0s10",1666391121.908073,"int",50673,50673,0,22254998000,22305671000
1000,3,"enp0s10",1666391121.908202,"int",50882,50882,0,22255020000,22305902000
1000,3,"enp0s10",1666391121.908591,"int",48415,48415,0,22257757000,22306172000
1000,3,"enp0s10",1666391121.908991,"int",48755,48755,0,22257866000,22306621000
1000,3,"enp0s10",1666391121.909392,"int",49034,49034,0,22257940000,22306974000
1000,3,"enp0s10",1666391121.909540,"int",49290,49290,0,22257958000,22307248000
1000,3,"enp0s10",1666391121.909968,"int",49565,49565,0,22257973000,22307538000
1000,3,"enp0s10",1666391121.910158,"int",49874,49874,0,22257987000,22307861000
1000,3,"enp0s10",1666391121.910580,"int",50209,50209,0,22258002000,22308211000
1000,3,"enp0s10",1666391121.911011,"int",50408,50408,0,22258066000,22308474000
1000,3,"enp0s10",1666391121.911371,"int",50801,50801,0,22258087000,22308888000
1000,3,"enp0s10",1666391121.911838,"int",51237,51237,0,22258104000,22309341000
1000,3,"enp0s10",1666391121.911961,"int",51495,51495,0,22258121000,22309616000
1000,3,"enp0s10",1666391121.912263,"int",51723,51723,0,22258210000,22309933000
1000,3,"enp0s10",1666391121.912566,"int",52031,52031,0,22258232000,22310263000
1000,3,"enp0s10",1666391121.912863,"int",52297,52297,0,22258249000,22310546000
1000,3,"enp0s10",1666391121.913330,"int",52590,52590,0,22258315000,22310905000
1000,3,"enp0s10",1666391121.913755,"int",52898,52898,0,22258334000,22311232000
1000,3,"enp0s10",1666391121.914422,"int",53367,53367,0,22258351000,22311718000
1000,3,"enp0s10",1666391121.914930,"int",54107,54107,0,22258368000,22312475000
1000,3,"enp0s10",1666391121.915448,"int",54512,54512,0,22258433000,22312945000
1000,3,"enp0s10",1666391121.923252,"int",54915,54915,0,22258453000,22313368000
1000,3,"enp0s10",1666391121.923336,"int",55432,55432,0,22258469000,22313901000
1000,3,"enp0s10",1666391121.923416,"int",55845,55845,0,22258485000,22314330000
1000,3,"enp0s10",1666391121.923494,"int",56278,56278,0,22258502000,22314780000
1000,3,"enp0s10",1666391121.923585,"int",57617,57617,0,22258569000,22316186000
1000,3,"enp0s10",1666391121.923652,"int",57901,57901,0,22258586000,22316487000
1000,3,"enp0s10",1666391121.923702,"int",58058,58058,0,22258601000,22316659000
1000,3,"enp0s10",1666391121.923766,"int",58254,58254,0,22258618000,22316872000
1000,3,"enp0s10",1666391121.923817,"int",58472,58472,0,22258634000,22317106000
1000,3,"enp0s10",1666391121.923876,"int",58044,58044,0,22259242000,22317286000
1000,3,"enp0s10",1666391121.923927,"int",58182,58182,0,22259320000,22317502000
1000,3,"enp0s10",1666391121.924036,"int",58321,58321,0,22259349000,22317670000
1000,3,"enp0s10",1666391121.924102,"int",58470,58470,0,22259366000,22317836000
1000,3,"enp0s10",1666391121.924151,"int",58566,58566,0,22259430000,22317996000
1000,3,"enp0s10",1666391121.924535,"int",58620,58620,0,22259538000,22318158000
1000,3,"enp0s10",1666391121.924638,"int",58769,58769,0,22259556000,22318325000
1000,3,"enp0s10",1666391121.924778,"int",58958,58958,0,22259573000,22318531000
1000,3,"enp0s10",1666391121.924843,"int",58773,58773,0,22259936000,22318709000
1000,3,"enp0s10",1666391121.924905,"int",58924,58924,0,22259951000,22318875000
1000,3,"enp0s10",1666391121.924983,"int",59076,59076,0,22259967000,22319043000
1000,3,"enp0s10",1666391121.925041,"int",59135,59135,0,22260070000,22319205000
1000,3,"enp0s10",1666391121.925101,"int",59190,59190,0,22260183000,22319373000
1000,3,"enp0s10",1666391121.927307,"int",64197,64197,0,22260321000,22324518000
1000,3,"enp0s10",1666391121.927786,"int",64828,64828,0,22260399000,22325227000
1000,3,"enp0s10",1666391121.928655,"int",65107,65107,0,22260772000,22325879000
1000,3,"enp0s10",1666391121.929287,"int",65888,65888,0,22260787000,22326675000
1000,3,"enp0s10",1666391121.929668,"int",66357,66357,0,22260804000,22327161000
1000,3,"enp0s10",1666391121.930137,"int",63809,63809,0,22263776000,22327585000
1000,3,"enp0s10",1666391121.930904,"int",64444,64444,0,22263803000,22328247000
1000,3,"enp0s10",1666391121.931390,"int",65037,65037,0,22263827000,22328864000
1000,3,"enp0s10",1666391121.931802,"int",65354,65354,0,22263912000,22329266000
1000,3,"enp0s10",1666391121.932085,"int",65837,65837,0,22263937000,22329774000
1000,3,"enp0s10",1666391121.934026,"int",67521,67521,0,22264020000,22331541000
1000,3,"enp0s10",1666391121.935790,"int",69141,69141,0,22264135000,22333276000
1000,3,"enp0s10",1666391121.936206,"int",69499,69499,0,22264169000,22333668000
1000,3,"enp0s10",1666391121.936890,"int",70069,70069,0,22264249000,22334318000
1000,3,"enp0s10",1666391121.937566,"int",70512,70512,0,22264317000,22334829000
1000,3,"enp0s10",1666391121.937782,"int",71081,71081,0,22264338000,22335419000
1000,3,"enp0s10",1666391121.938515,"int",69948,69948,0,22265928000,22335876000
1000,3,"enp0s10",1666391121.939002,"int",69439,69439,0,22266962000,22336401000
1000,3,"enp0s10",1666391121.939809,"int",68017,68017,0,22268959000,22336976000
1000,3,"enp0s10",1666391121.946376,"int",57612,57612,0,22280164000,22337776000
1000,3,"enp0s10",1666391121.947416,"int",58553,58553,0,22286378000,22344931000
1000,3,"enp0s10",1666391121.948635,"int",59427,59427,0,22286460000,22345887000
1000,3,"enp0s10",1666391121.948741,"int",59669,59669,0,22286488000,22346157000
1000,3,"enp0s10",1666391121.948834,"int",59845,59845,0,22286515000,22346360000
1000,3,"enp0s10",1666391121.948889,"int",59734,59734,0,22286820000,22346554000
1000,3,"enp0s10",1666391121.949006,"int",59877,59877,0,22286850000,22346727000
1000,3,"enp0s10",1666391121.949347,"int",59526,59526,0,22287363000,22346889000
1000,3,"enp0s10",1666391121.950303,"int",59864,59864,0,22287445000,22347309000
1000,3,"enp0s10",1666391121.951275,"int",60782,60782,0,22287461000,22348243000
1000,3,"enp0s10",1666391121.951680,"int",61586,61586,0,22287475000,22349061000
1000,3,"enp0s10",1666391121.952427,"int",62157,62157,0,22287490000,22349647000
1000,3,"enp0s10",1666391121.953240,"int",62896,62896,0,22287504000,22350400000
1000,3,"enp0s10",1666391121.953713,"int",63483,63483,0,22287712000,22351195000
1000,3,"enp0s10",1666391121.954238,"int",63960,63960,0,22287748000,22351708000
1000,3,"enp0s10",1666391121.955298,"int",64316,64316,0,22287818000,22352134000
1000,3,"enp0s10",1666391121.955904,"int",65375,65375,0,22287836000,22353211000
1000,3,"enp0s10",1666391121.956614,"int",66048,66048,0,22287852000,22353900000
1000,3,"enp0s10",1666391121.957226,"int",66634,66634,0,22287866000,22354500000
1000,3,"enp0s10",1666391121.958546,"int",67396,67396,0,22287943000,22355339000
1000,3,"enp0s10",1666391121.959746,"int",68912,68912,0,22287962000,22356874000
1000,3,"enp0s10",1666391121.961476,"int",69979,69979,0,22287976000,22357955000
1000,3,"enp0s10",1666391121.962516,"int",71517,71517,0,22287991000,22359508000
1000,3,"enp0s10",1666391121.964231,"int",72701,72701,0,22288006000,22360707000
1000,3,"enp0s10",1666391121.966059,"int",74311,74311,0,22288093000,22362404000
1000,3,"enp0s10",1666391121.966985,"int",76205,76205,0,22288116000,22364321000
1000,3,"enp0s10",1666391121.968265,"int",77013,77013,0,22288179000,22365192000
1000,3,"enp0s10",1666391121.969138,"int",78102,78102,0,22288198000,22366300000
1000,3,"enp0s10",1666391121.970582,"int",78995,78995,0,22288212000,22367207000
1000,3,"enp0s10",1666391121.970896,"int",80224,80224,0,22288227000,22368451000
1000,3,"enp0s10",1666391121.972270,"int",80497,80497,0,22288299000,22368796000
1000,3,"enp0s10",1666391121.972351,"int",81085,81085,0,22288317000,22369402000
1000,3,"enp0s10",1666391121.972371,"int",81457,81457,0,22288333000,22369790000
1000,3,"enp0s10",1666391121.972762,"int",81815,81815,0,22288347000,22370162000
1000,3,"enp0s10",1666391121.973576,"int",82469,82469,0,22288363000,22370832000
1000,3,"enp0s10",1666391121.974168,"int",83098,83098,0,22288438000,22371536000
1000,3,"enp0s10",1666391121.974865,"int",83693,83693,0,22288457000,22372150000
1000,3,"enp0s10",1666391121.975672,"int",84256,84256,0,22288472000,22372728000
1000,3,"enp0s10",1666391121.977143,"int",85239,85239,0,22288487000,22373726000
1000,3,"enp0s10",1666391121.977819,"int",86769,86769,0,22288549000,22375318000
1000,3,"enp0s10",1666391121.978373,"int",87348,87348,0,22288567000,22375915000
1000,3,"enp0s10",1666391121.979138,"int",87952,87952,0,22288590000,22376542000
1000,3,"enp0s10",1666391121.980677,"int",89250,89250,0,22288605000,22377855000
1000,3,"enp0s10",1666391121.981238,"int",89969,89969,0,22288668000,22378637000
1000,3,"enp0s10",1666391121.981929,"int",90599,90599,0,22288687000,22379286000
1000,3,"enp0s10",1666391121.982520,"int",91164,91164,0,22288701000,22379865000
1000,3,"enp0s10",1666391121.984399,"int",91842,91842,0,22288724000,22380566000
1000,3,"enp0s10",1666391121.984485,"int",92685,92685,0,22288790000,22381475000
1000,3,"enp0s10",1666391121.984548,"int",92958,92958,0,22288810000,22381768000
1000,3,"enp0s10",1666391121.984599,"int",85271,85271,0,22296690000,22381961000
1000,3,"enp0s10",1666391121.985164,"int",84580,84580,0,22297749000,22382329000
1000,3,"enp0s10",1666391121.986001,"int",83468,83468,0,22299555000,22383023000
1000,3,"enp0s10",1666391121.987011,"int",81937,81937,0,22301868000,22383805000
1000,3,"enp0s10",1666391121.988050,"int",80956,80956,0,22303916000,22384872000
1000,3,"enp0s10",1666391121.988406,"int",73814,73814,0,22312131000,22385945000
1000,3,"enp0s10",1666391121.989271,"int",73287,73287,0,22313334000,22386621000
1000,3,"enp0s10",1666391121.989895,"int",73753,73753,0,22313570000,22387323000
1000,3,"enp0s10",1666391121.990505,"int",74161,74161,0,22313596000,22387757000
1000,3,"enp0s10",1666391121.990949,"int",74913,74913,0,22313610000,22388523000
1000,3,"enp0s10",1666391121.992369,"int",75633,75633,0,22313635000,22389268000
1000,3,"enp0s10",1666391121.992443,"int",76430,76430,0,22313649000,22390079000
1000,3,"enp0s10",1666391121.993233,"int",76719,76719,0,22313661000,22390380000
1000,3,"enp0s10",1666391121.994159,"int",77801,77801,0,22313687000,22391488000
1000,3,"enp0s10",1666391121.995452,"int",78645,78645,0,22313694000,22392339000
1000,3,"enp0s10",1666391121.997626,"int",80147,80147,0,22313702000,22393849000
1000,3,"enp0s10",1666391122.000442,"int",82184,82184,0,22313721000,22395905000
1000,3,"enp0s10",1666391122.000527,"int",83611,83611,0,22313784000,22397395000
1000,3,"enp0s10",1666391122.001145,"int",84499,84499,0,22313793000,22398292000
1000,3,"enp0s10",1666391122.001849,"int",85296,85296,0,22313909000,22399205000
1000,3,"enp0s10",1666391122.003919,"int",86375,86375,0,22313918000,22400293000
1000,3,"enp0s10",1666391122.004896,"int",88383,88383,0,22313926000,22402309000
1000,3,"enp0s10",1666391122.005520,"int",88883,88883,0,22313934000,22402817000
1000,3,"enp0s10",1666391122.007555,"int",89476,89476,0,22313958000,22403434000
1000,3,"enp0s10",1666391122.007563,"int",90696,90696,0,22313967000,22404663000
1000,3,"enp0s10",1666391122.008061,"int",91185,91185,0,22313976000,22405161000
1000,3,"enp0s10",1666391122.010357,"int",91084,91084,0,22314595000,22405679000
1000,3,"enp0s10",1666391122.010582,"int",91267,91267,0,22315153000,22406420000
1000,3,"enp0s10",1666391122.010702,"int",90657,90657,0,22316333000,22406990000
1000,3,"enp0s10",1666391122.010827,"int",90140,90140,0,22317329000,22407469000
1000,3,"enp0s10",1666391122.010877,"int",89485,89485,0,22318532000,22408017000
1000,3,"enp0s10",1666391122.011021,"int",88678,88678,0,22319900000,22408578000
1000,3,"enp0s10",1666391122.011781,"int",88403,88403,0,22320649000,22409052000
1000,3,"enp0s10",1666391122.012242,"int",88193,88193,0,22321529000,22409722000
1000,3,"enp0s10",1666391122.013459,"int",88957,88957,0,22321567000,22410524000
1000,3,"enp0s10",1666391122.014050,"int",89779,89779,0,22321586000,22411365000
1000,3,"enp0s10",1666391122.014725,"int",90411,90411,0,22321600000,22412011000
1000,3,"enp0s10",1666391122.016686,"int",90647,90647,0,22322007000,22412654000
1000,3,"enp0s10",1666391122.017115,"int",91849,91849,0,22322047000,22413896000
1000,3,"enp0s10",1666391122.018169,"int",93329,93329,0,22322061000,22415390000
1000,3,"enp0s10",1666391122.019373,"int",94100,94100,0,22322087000,22416187000
1000,3,"enp0s10",1666391122.020639,"int",95488,95488,0,22322118000,22417606000
1000,3,"enp0s10",1666391122.021734,"int",95912,95912,0,22322745000,22418657000
1000,3,"enp0s10",1666391122.024003,"int",97069,97069,0,22322845000,22419914000
1000,3,"enp0s10",1666391122.026142,"int",96397,96397,0,22325584000,22421981000
1000,3,"enp0s10",1666391122.027868,"int",98718,98718,0,22325619000,22424337000
1000,3,"enp0s10",1666391122.028304,"int",99242,99242,0,22326539000,22425781000
1000,3,"enp0s10",1666391122.028515,"int",99619,99619,0,22326547000,22426166000
1000,3,"enp0s10",1666391122.028803,"int",99044,99044,0,22327317000,22426361000
1000,3,"enp0s10",1666391122.028962,"int",99249,99249,0,22327328000,22426577000
1000,3,"enp0s10",1666391122.029050,"int",98881,98881,0,22327891000,22426772000
1000,3,"enp0s10",1666391122.029101,"int",98315,98315,0,22328542000,22426857000
1000,3,"enp0s10",1666391122.029821,"int",96994,96994,0,22329975000,22426969000
1000,3,"enp0s10",1666391122.030371,"int",96612,96612,0,22331287000,22427899000
1000,3,"enp0s10",1666391122.030497,"int",94106,94106,0,22334137000,22428243000
1000,3,"enp0s10",1666391122.030775,"int",93619,93619,0,22334825000,22428444000
1000,3,"enp0s10",1666391122.030924,"int",93776,93776,0,22334840000,22428616000
1000,3,"enp0s10",1666391122.030995,"int",90177,90177,0,22338561000,22428738000
1000,3,"enp0s10",1666391122.031189,"int",89931,89931,0,22338972000,22428903000
1000,3,"enp0s10",1666391122.031314,"int",89148,89148,0,22339856000,22429004000
1000,3,"enp0s10",1666391122.031521,"int",88336,88336,0,22340832000,22429168000
1000,3,"enp0s10",1666391122.031585,"int",86005,86005,0,22343344000,22429349000
1000,3,"enp0s10",1666391122.031711,"int",84298,84298,0,22345150000,22429448000
1000,3,"enp0s10",1666391122.031845,"int",84391,84391,0,22345163000,22429554000
1000,3,"enp0s10",1666391122.032014,"int",83666,83666,0,22346044000,22429710000
1000,3,"enp0s10",1666391122.032233,"int",83454,83454,0,22346496000,22429950000
1000,3,"enp0s10",1666391122.032325,"int",82984,82984,0,22347090000,22430074000
1000,3,"enp0s10",1666391122.032377,"int",83055,83055,0,22347109000,22430164000
1000,3,"enp0s10",1666391122.032517,"int",83162,83162,0,22347118000,22430280000
1000,3,"enp0s10",1666391122.032951,"int",82392,82392,0,22348110000,22430502000
1000,3,"enp0s10",1666391122.033016,"int",81095,81095,0,22349609000,22430704000
1000,3,"enp0s10",1666391122.033072,"int",80852,80852,0,22350011000,22430863000
1000,3,"enp0s10",1666391122.033205,"int",80239,80239,0,22350721000,22430960000
1000,3,"enp0s10",1666391122.033268,"int",79980,79980,0,22351065000,22431045000
1000,3,"enp0s10",1666391122.033451,"int",79131,79131,0,22352020000,22431151000
1000,3,"enp0s10",1666391122.033624,"int",78215,78215,0,22353097000,22431312000
1000,3,"enp0s10",1666391122.033677,"int",77927,77927,0,22353509000,22431436000
1000,3,"enp0s10",1666391122.033821,"int",77670,77670,0,22353883000,22431553000
1000,3,"enp0s10",1666391122.033872,"int",77427,77427,0,22354238000,22431665000
1000,3,"enp0s10",1666391122.034022,"int",76290,76290,0,22355484000,22431774000
1000,3,"enp0s10",1666391122.034161,"int",73753,73753,0,22358141000,22431894000
1000,3,"enp0s10",1666391122.034212,"int",71551,71551,0,22360458000,22432009000
1000,3,"enp0s10",1666391122.034556,"int",71703,71703,0,22360470000,22432173000
1000,3,"enp0s10",1666391122.034609,"int",70846,70846,0,22361509000,22432355000
1000,3,"enp0s10",1666391122.034770,"int",69654,69654,0,22362864000,22432518000
1000,3,"enp0s10",1666391122.034910,"int",67975,67975,0,22364688000,22432663000
1000,3,"enp0s10",1666391122.035092,"int",67455,67455,0,22365346000,22432801000
1000,3,"enp0s10",1666391122.035314,"int",67090,67090,0,22365948000,22433038000
1000,3,"enp0s10",1666391122.035393,"int",65671,65671,0,22367472000,22433143000
1000,3,"enp0s10",1666391122.035454,"int",65268,65268,0,22367962000,22433230000
1000,3,"enp0s10",1666391122.035651,"int",65398,65398,0,22367970000,22433368000
1000,3,"enp0s10",1666391122.035788,"int",64292,64292,0,22369245000,22433537000
1000,3,"enp0s10",1666391122.035840,"int",62229,62229,0,22371392000,22433621000
1000,3,"enp0s10",1666391122.036035,"int",61705,61705,0,22372025000,22433730000
1000,3,"enp0s10",1666391122.036086,"int",60188,60188,0,22373684000,22433872000
1000,3,"enp0s10",1666391122.036179,"int",60179,60179,0,22373769000,22433948000
1000,3,"enp0s10",1666391122.036302,"int",60247,60247,0,22373778000,22434025000
1000,3,"enp0s10",1666391122.036395,"int",59667,59667,0,22374475000,22434142000
1000,3,"enp0s10",1666391122.036524,"int",59021,59021,0,22375280000,22434301000
1000,3,"enp0s10",1666391122.036786,"int",59086,59086,0,22375397000,22434483000
1000,3,"enp0s10",1666391122.036841,"int",58755,58755,0,22375881000,22434636000
1000,3,"enp0s10",1666391122.036966,"int",58830,58830,0,22375896000,22434726000
1000,3,"enp0s10",1666391122.037017,"int",58113,58113,0,22376687000,22434800000
1000,3,"enp0s10",1666391122.037138,"int",57667,57667,0,22377215000,22434882000
1000,3,"enp0s10",1666391122.037188,"int",56996,56996,0,22377965000,22434961000
1000,3,"enp0s10",1666391122.037327,"int",55320,55320,0,22379736000,22435056000
1000,3,"enp0s10",1666391122.037479,"int",54751,54751,0,22380466000,22435217000
1000,3,"enp0s10",1666391122.037531,"int",52758,52758,0,22382544000,22435302000
1000,3,"enp0s10",1666391122.037581,"int",51073,51073,0,22384309000,22435382000
1000,3,"enp0s10",1666391122.037718,"int",49183,49183,0,22386287000,22435470000
1000,3,"enp0s10",1666391122.037904,"int",47983,47983,0,22387623000,22435606000
1000,3,"enp0s10",1666391122.037958,"int",47241,47241,0,22388520000,22435761000
1000,3,"enp0s10",1666391122.038141,"int",47058,47058,0,22388793000,22435851000
1000,3,"enp0s10",1666391122.038193,"int",47180,47180,0,22388809000,22435989000
1000,3,"enp0s10",1666391122.038305,"int",47249,47249,0,22388828000,22436077000
1000,3,"enp0s10",1666391122.038356,"int",45515,45515,0,22390636000,22436151000
1000,3,"enp0s10",1666391122.038494,"int",45308,45308,0,22390934000,22436242000
1000,3,"enp0s10",1666391122.038689,"int",45412,45412,0,22390943000,22436355000
1000,3,"enp0s10",1666391122.038934,"int",45612,45612,0,22390958000,22436570000
1000,3,"enp0s10",1666391122.038987,"int",45776,45776,0,22390969000,22436745000
1000,3,"enp0s10",1666391122.039036,"int",45848,45848,0,22390978000,22436826000
1000,3,"enp0s10",1666391122.039198,"int",45936,45936,0,22390986000,22436922000
1000,3,"enp0s10",1666391122.043078,"int",49771,49771,0,22390994000,22440765000
1000,3,"enp0s10",1666391122.043283,"int",49706,49706,0,22391226000,22440932000
1000,3,"enp0s10",1666391122.043593,"int",50080,50080,0,22391237000,22441317000
1000,3,"enp0s10",1666391122.044105,"int",49447,49447,0,22392239000,22441686000
1000,3,"enp0s10",1666391122.044157,"int",49624,49624,0,22392252000,22441876000
1000,3,"enp0s10",1666391122.044450,"int",49920,49920,0,22392268000,22442188000
1000,3,"enp0s10",1666391122.044675,"int",48466,48466,0,22393983000,22442449000
1000,3,"enp0s10",1666391122.045094,"int",48597,48597,0,22394247000,22442844000
1000,3,"enp0s10",1666391122.045207,"int",48696,48696,0,22394262000,22442958000
1000,3,"enp0s10",1666391122.045778,"int",49274,49274,0,22394280000,22443554000
1000,3,"enp0s10",1666391122.046249,"int",49635,49635,0,22394288000,22443923000
1000,3,"enp0s10",1666391122.046495,"int",49794,49794,0,22394299000,22444093000
